pedestrian_direction,body_orientation,prob,std.error,df,null,statistic,p.value
Left,Baseline,0.937241714891875,0.0349150479549229,Inf,0.5,4.55470866156197,5.24582306784005e-06
Right,Baseline,0.894543540461737,0.0498034022002874,Inf,0.5,4.04973393685055,5.12758970656842e-05
Left,BackToBack,0.801904105212987,0.116140362447092,Inf,0.5,1.9124750328892,0.0558152920202002
Right,BackToBack,0.901969172979812,0.0889472988733207,Inf,0.5,2.20616143142787,0.027372698687428
Left,FaceToFace,0.197359387713365,0.0908563238873846,Inf,0.5,-2.44593265576434,0.0144477984266938
Right,FaceToFace,0.113920958149564,0.0626425231331459,Inf,0.5,-3.30549349426655,0.000948093050417932
Left,OffsetFacing,0.796906136802513,0.0950958466491745,Inf,0.5,2.3266590504133,0.0199834189686751
Right,OffsetFacing,0.226887169941954,0.0978371909873855,Inf,0.5,-2.19800891907437,0.0279484703542292
