term,contrast,null.value,odds.ratio,std.error,df,null,statistic,p.value
distance,5 ft / 10 ft,0,0.0588420104840523,0.0136525844556745,Inf,1,-12.2096652000618,2.76022649565988e-34
